name,nugget,sill,range
spherical,0.0,25060.21818181818,49548.38709677419
